INSERT INTO `acc_gl_account` (`id`, `name`, `parent_id`, `hierarchy`, `gl_code`, `disabled`, `manual_journal_entries_allowed`, `account_usage`, `classification_enum`, `tag_id`, `description`) VALUES (34, 'Penalty to AXIS 2', NULL, '.', '33', 0, 1, 1, 4, NULL, NULL);
INSERT INTO `acc_gl_account` (`id`, `name`, `parent_id`, `hierarchy`, `gl_code`, `disabled`, `manual_journal_entries_allowed`, `account_usage`, `classification_enum`, `tag_id`, `description`) VALUES (33, 'Penalty to AXIS 1', NULL, '.', '32', 0, 1, 1, 4, NULL, NULL);
INSERT INTO `acc_gl_account` (`id`, `name`, `parent_id`, `hierarchy`, `gl_code`, `disabled`, `manual_journal_entries_allowed`, `account_usage`, `classification_enum`, `tag_id`, `description`) VALUES (32, 'Fees to SBI 2', NULL, '.', '31', 0, 1, 1, 4, NULL, NULL);
INSERT INTO `acc_gl_account` (`id`, `name`, `parent_id`, `hierarchy`, `gl_code`, `disabled`, `manual_journal_entries_allowed`, `account_usage`, `classification_enum`, `tag_id`, `description`) VALUES (31, 'Fees to SBI 1', NULL, '.', '30', 0, 1, 1, 4, NULL, NULL);
INSERT INTO `acc_gl_account` (`id`, `name`, `parent_id`, `hierarchy`, `gl_code`, `disabled`, `manual_journal_entries_allowed`, `account_usage`, `classification_enum`, `tag_id`, `description`) VALUES (30, 'From Canara', NULL, '.', '29', 0, 1, 1, 1, NULL, NULL);
INSERT INTO `acc_gl_account` (`id`, `name`, `parent_id`, `hierarchy`, `gl_code`, `disabled`, `manual_journal_entries_allowed`, `account_usage`, `classification_enum`, `tag_id`, `description`) VALUES (29, 'From HDFC', NULL, '.', '28', 0, 1, 1, 1, NULL, NULL);
INSERT INTO `acc_gl_account` (`id`, `name`, `parent_id`, `hierarchy`, `gl_code`, `disabled`, `manual_journal_entries_allowed`, `account_usage`, `classification_enum`, `tag_id`, `description`) VALUES (28, 'Overdraft Interest Income', NULL, '.', '27', 0, 1, 1, 4, NULL, NULL);
INSERT INTO `acc_gl_account` (`id`, `name`, `parent_id`, `hierarchy`, `gl_code`, `disabled`, `manual_journal_entries_allowed`, `account_usage`, `classification_enum`, `tag_id`, `description`) VALUES (27, 'Savings income from penalties', NULL, '.', '26', 0, 1, 1, 4, NULL, NULL);
INSERT INTO `acc_gl_account` (`id`, `name`, `parent_id`, `hierarchy`, `gl_code`, `disabled`, `manual_journal_entries_allowed`, `account_usage`, `classification_enum`, `tag_id`, `description`) VALUES (26, 'Savings Income from fees', NULL, '.', '25', 0, 1, 1, 4, NULL, NULL);
INSERT INTO `acc_gl_account` (`id`, `name`, `parent_id`, `hierarchy`, `gl_code`, `disabled`, `manual_journal_entries_allowed`, `account_usage`, `classification_enum`, `tag_id`, `description`) VALUES (25, 'Savings Writeoff', NULL, '.', '24', 0, 1, 1, 5, NULL, NULL);
INSERT INTO `acc_gl_account` (`id`, `name`, `parent_id`, `hierarchy`, `gl_code`, `disabled`, `manual_journal_entries_allowed`, `account_usage`, `classification_enum`, `tag_id`, `description`) VALUES (24, 'Interest On Savings', NULL, '.', '23', 0, 1, 1, 5, NULL, NULL);
INSERT INTO `acc_gl_account` (`id`, `name`, `parent_id`, `hierarchy`, `gl_code`, `disabled`, `manual_journal_entries_allowed`, `account_usage`, `classification_enum`, `tag_id`, `description`) VALUES (23, 'Savings Transfer in Suspence', NULL, '.', '22', 0, 1, 1, 2, NULL, NULL);
INSERT INTO `acc_gl_account` (`id`, `name`, `parent_id`, `hierarchy`, `gl_code`, `disabled`, `manual_journal_entries_allowed`, `account_usage`, `classification_enum`, `tag_id`, `description`) VALUES (22, 'Saving Control', NULL, '.', '21', 0, 1, 1, 2, NULL, NULL);
INSERT INTO `acc_gl_account` (`id`, `name`, `parent_id`, `hierarchy`, `gl_code`, `disabled`, `manual_journal_entries_allowed`, `account_usage`, `classification_enum`, `tag_id`, `description`) VALUES (21, 'Overdraft Portfolio', NULL, '.', '20', 0, 1, 1, 1, NULL, NULL);
INSERT INTO `acc_gl_account` (`id`, `name`, `parent_id`, `hierarchy`, `gl_code`, `disabled`, `manual_journal_entries_allowed`, `account_usage`, `classification_enum`, `tag_id`, `description`) VALUES (20, 'Savings Reference', NULL, '.', '19', 0, 1, 1, 1, NULL, NULL);
INSERT INTO `acc_gl_account` (`id`, `name`, `parent_id`, `hierarchy`, `gl_code`, `disabled`, `manual_journal_entries_allowed`, `account_usage`, `classification_enum`, `tag_id`, `description`) VALUES (19, '3 Penalty', NULL, '.', '18', 0, 1, 1, 4, NULL, NULL);
INSERT INTO `acc_gl_account` (`id`, `name`, `parent_id`, `hierarchy`, `gl_code`, `disabled`, `manual_journal_entries_allowed`, `account_usage`, `classification_enum`, `tag_id`, `description`) VALUES (18, '2 Penalty', NULL, '.', '17', 0, 1, 1, 4, NULL, NULL);
INSERT INTO `acc_gl_account` (`id`, `name`, `parent_id`, `hierarchy`, `gl_code`, `disabled`, `manual_journal_entries_allowed`, `account_usage`, `classification_enum`, `tag_id`, `description`) VALUES (17, '1 penalty', NULL, '.', '16', 0, 1, 1, 4, NULL, NULL);
INSERT INTO `acc_gl_account` (`id`, `name`, `parent_id`, `hierarchy`, `gl_code`, `disabled`, `manual_journal_entries_allowed`, `account_usage`, `classification_enum`, `tag_id`, `description`) VALUES (16, '3 income', NULL, '.', '15', 0, 1, 1, 4, NULL, NULL);
INSERT INTO `acc_gl_account` (`id`, `name`, `parent_id`, `hierarchy`, `gl_code`, `disabled`, `manual_journal_entries_allowed`, `account_usage`, `classification_enum`, `tag_id`, `description`) VALUES (15, '2 Income', NULL, '.', '14', 0, 1, 1, 4, NULL, NULL);
INSERT INTO `acc_gl_account` (`id`, `name`, `parent_id`, `hierarchy`, `gl_code`, `disabled`, `manual_journal_entries_allowed`, `account_usage`, `classification_enum`, `tag_id`, `description`) VALUES (14, '1 Income', NULL, '.', '13', 0, 1, 1, 4, NULL, NULL);
INSERT INTO `acc_gl_account` (`id`, `name`, `parent_id`, `hierarchy`, `gl_code`, `disabled`, `manual_journal_entries_allowed`, `account_usage`, `classification_enum`, `tag_id`, `description`) VALUES (13, 'Overpayment Liability', NULL, '.', '12', 0, 1, 1, 2, NULL, NULL);
INSERT INTO `acc_gl_account` (`id`, `name`, `parent_id`, `hierarchy`, `gl_code`, `disabled`, `manual_journal_entries_allowed`, `account_usage`, `classification_enum`, `tag_id`, `description`) VALUES (12, 'Losses Writtenoff', NULL, '.', '11', 0, 1, 1, 5, NULL, NULL);
INSERT INTO `acc_gl_account` (`id`, `name`, `parent_id`, `hierarchy`, `gl_code`, `disabled`, `manual_journal_entries_allowed`, `account_usage`, `classification_enum`, `tag_id`, `description`) VALUES (11, 'Income from recovery repayments', NULL, '.', '10', 0, 1, 1, 4, NULL, NULL);
INSERT INTO `acc_gl_account` (`id`, `name`, `parent_id`, `hierarchy`, `gl_code`, `disabled`, `manual_journal_entries_allowed`, `account_usage`, `classification_enum`, `tag_id`, `description`) VALUES (10, 'Income from penalties', NULL, '.', '9', 0, 1, 1, 4, NULL, NULL);
INSERT INTO `acc_gl_account` (`id`, `name`, `parent_id`, `hierarchy`, `gl_code`, `disabled`, `manual_journal_entries_allowed`, `account_usage`, `classification_enum`, `tag_id`, `description`) VALUES (8, 'Income from fees', NULL, '.', '8', 0, 1, 1, 4, NULL, NULL);
INSERT INTO `acc_gl_account` (`id`, `name`, `parent_id`, `hierarchy`, `gl_code`, `disabled`, `manual_journal_entries_allowed`, `account_usage`, `classification_enum`, `tag_id`, `description`) VALUES (7, 'Income from interest', NULL, '.', '7', 0, 1, 1, 4, NULL, NULL);
INSERT INTO `acc_gl_account` (`id`, `name`, `parent_id`, `hierarchy`, `gl_code`, `disabled`, `manual_journal_entries_allowed`, `account_usage`, `classification_enum`, `tag_id`, `description`) VALUES (6, 'Transfer in Suspence', NULL, '.', '6', 0, 1, 1, 1, NULL, NULL);
INSERT INTO `acc_gl_account` (`id`, `name`, `parent_id`, `hierarchy`, `gl_code`, `disabled`, `manual_journal_entries_allowed`, `account_usage`, `classification_enum`, `tag_id`, `description`) VALUES (5, 'Penalties Receivable', NULL, '.', '5', 0, 1, 1, 1, NULL, NULL);
INSERT INTO `acc_gl_account` (`id`, `name`, `parent_id`, `hierarchy`, `gl_code`, `disabled`, `manual_journal_entries_allowed`, `account_usage`, `classification_enum`, `tag_id`, `description`) VALUES (4, 'Fees Receivable', NULL, '.', '4', 0, 1, 1, 1, NULL, NULL);
INSERT INTO `acc_gl_account` (`id`, `name`, `parent_id`, `hierarchy`, `gl_code`, `disabled`, `manual_journal_entries_allowed`, `account_usage`, `classification_enum`, `tag_id`, `description`) VALUES (3, 'Interest Receivable', NULL, '.', '3', 0, 1, 1, 1, NULL, NULL);
INSERT INTO `acc_gl_account` (`id`, `name`, `parent_id`, `hierarchy`, `gl_code`, `disabled`, `manual_journal_entries_allowed`, `account_usage`, `classification_enum`, `tag_id`, `description`) VALUES (2, 'Loan portfolio', NULL, '.', '2', 0, 1, 1, 1, NULL, NULL);
INSERT INTO `acc_gl_account` (`id`, `name`, `parent_id`, `hierarchy`, `gl_code`, `disabled`, `manual_journal_entries_allowed`, `account_usage`, `classification_enum`, `tag_id`, `description`) VALUES (1, 'Cash', NULL, '.', '1', 0, 1, 1, 1, NULL, NULL);
INSERT INTO `acc_gl_account` (`id`, `name`, `parent_id`, `hierarchy`, `gl_code`, `disabled`, `manual_journal_entries_allowed`, `account_usage`, `classification_enum`, `tag_id`, `description`, `gl_classification_type`) VALUES (42, 'Expense account -Loss', NULL, '.', 'Expense account -Loss', 0, 1, 1, 5, NULL, NULL, 1);
INSERT INTO `acc_gl_account` (`id`, `name`, `parent_id`, `hierarchy`, `gl_code`, `disabled`, `manual_journal_entries_allowed`, `account_usage`, `classification_enum`, `tag_id`, `description`, `gl_classification_type`) VALUES (41, 'Liability account -Loss', NULL, '.', 'Liability account -Loss', 0, 1, 1, 2, NULL, NULL, 1);
INSERT INTO `acc_gl_account` (`id`, `name`, `parent_id`, `hierarchy`, `gl_code`, `disabled`, `manual_journal_entries_allowed`, `account_usage`, `classification_enum`, `tag_id`, `description`, `gl_classification_type`) VALUES (40, 'Expense account -Doubtful', NULL, '.', 'Expense account -Doubtful', 0, 1, 1, 5, NULL, NULL, 1);
INSERT INTO `acc_gl_account` (`id`, `name`, `parent_id`, `hierarchy`, `gl_code`, `disabled`, `manual_journal_entries_allowed`, `account_usage`, `classification_enum`, `tag_id`, `description`, `gl_classification_type`) VALUES (39, 'Liability account -Doubtful', NULL, '.', 'Liability account -Doubtful', 0, 1, 1, 2, NULL, NULL, 1);
INSERT INTO `acc_gl_account` (`id`, `name`, `parent_id`, `hierarchy`, `gl_code`, `disabled`, `manual_journal_entries_allowed`, `account_usage`, `classification_enum`, `tag_id`, `description`, `gl_classification_type`) VALUES (38, 'Expense account -SubStandard', NULL, '.', 'Expense account -SubStandard', 0, 1, 1, 5, NULL, NULL, 1);
INSERT INTO `acc_gl_account` (`id`, `name`, `parent_id`, `hierarchy`, `gl_code`, `disabled`, `manual_journal_entries_allowed`, `account_usage`, `classification_enum`, `tag_id`, `description`, `gl_classification_type`) VALUES (37, 'Liability account -SubStandard', NULL, '.', 'Liability account -SubStandard', 0, 1, 1, 2, NULL, NULL, 1);
INSERT INTO `acc_gl_account` (`id`, `name`, `parent_id`, `hierarchy`, `gl_code`, `disabled`, `manual_journal_entries_allowed`, `account_usage`, `classification_enum`, `tag_id`, `description`, `gl_classification_type`) VALUES (36, 'Expense account -Standard', NULL, '.', 'Expense account -Standard', 0, 1, 1, 5, NULL, NULL, 1);
INSERT INTO `acc_gl_account` (`id`, `name`, `parent_id`, `hierarchy`, `gl_code`, `disabled`, `manual_journal_entries_allowed`, `account_usage`, `classification_enum`, `tag_id`, `description`, `gl_classification_type`) VALUES (35, 'Liability account -Standard', NULL, '.', 'Liability account -Standard', 0, 1, 1, 2, NULL, NULL, 1);

INSERT INTO `m_charge` (`id`, `name`, `currency_code`, `charge_applies_to_enum`, `charge_time_enum`, `charge_calculation_enum`, `charge_payment_mode_enum`, `amount`, `fee_on_day`, `fee_interval`, `fee_on_month`, `is_penalty`, `is_active`, `is_deleted`, `min_cap`, `max_cap`, `fee_frequency`, `income_or_liability_account_id`, `tax_group_id`, `emi_rounding_goalseek`, `is_glim_charge`, `glim_charge_calculation_enum`, `is_capitalized`, `charge_percentage_type`, `charge_percentage_period_type`) VALUES (1, 'caritas Saving specified due date charge', 'USD', 2, 2, 1, NULL, 100.000000, NULL, NULL, NULL, 0, 1, 0, NULL, NULL, NULL, NULL, NULL, 0, 0, 1, 0, 1, 1);
INSERT INTO `m_charge` (`id`, `name`, `currency_code`, `charge_applies_to_enum`, `charge_time_enum`, `charge_calculation_enum`, `charge_payment_mode_enum`, `amount`, `fee_on_day`, `fee_interval`, `fee_on_month`, `is_penalty`, `is_active`, `is_deleted`, `min_cap`, `max_cap`, `fee_frequency`, `income_or_liability_account_id`, `tax_group_id`, `emi_rounding_goalseek`, `is_glim_charge`, `glim_charge_calculation_enum`, `is_capitalized`, `charge_percentage_type`, `charge_percentage_period_type`) VALUES (2, 'caritas Saving specified due date penalty', 'USD', 2, 2, 1, NULL, 100.000000, NULL, NULL, NULL, 1, 1, 0, NULL, NULL, NULL, NULL, NULL, 0, 0, 1, 0, 1, 1);
INSERT INTO `m_charge` (`id`, `name`, `currency_code`, `charge_applies_to_enum`, `charge_time_enum`, `charge_calculation_enum`, `charge_payment_mode_enum`, `amount`, `fee_on_day`, `fee_interval`, `fee_on_month`, `is_penalty`, `is_active`, `is_deleted`, `min_cap`, `max_cap`, `fee_frequency`, `income_or_liability_account_id`, `tax_group_id`, `emi_rounding_goalseek`, `is_glim_charge`, `glim_charge_calculation_enum`, `is_capitalized`, `charge_percentage_type`, `charge_percentage_period_type`) VALUES (3, 'DisbursementFees-%Interest', 'USD', 1, 1, 4, 0, 1.000000, NULL, NULL, NULL, 0, 1, 0, NULL, NULL, NULL, NULL, NULL, 0, 0, NULL, 0, 1, 1);
INSERT INTO `m_charge` (`id`, `name`, `currency_code`, `charge_applies_to_enum`, `charge_time_enum`, `charge_calculation_enum`, `charge_payment_mode_enum`, `amount`, `fee_on_day`, `fee_interval`, `fee_on_month`, `is_penalty`, `is_active`, `is_deleted`, `min_cap`, `max_cap`, `fee_frequency`, `income_or_liability_account_id`, `tax_group_id`, `emi_rounding_goalseek`, `is_glim_charge`, `glim_charge_calculation_enum`, `is_capitalized`, `charge_percentage_type`, `charge_percentage_period_type`) VALUES (4, 'DisbursementFees-%LoanAmount+Interest', 'USD', 1, 1, 3, 0, 1.000000, NULL, NULL, NULL, 0, 1, 0, NULL, NULL, NULL, NULL, NULL, 0, 0, NULL, 0, 1, 1);
INSERT INTO `m_charge` (`id`, `name`, `currency_code`, `charge_applies_to_enum`, `charge_time_enum`, `charge_calculation_enum`, `charge_payment_mode_enum`, `amount`, `fee_on_day`, `fee_interval`, `fee_on_month`, `is_penalty`, `is_active`, `is_deleted`, `min_cap`, `max_cap`, `fee_frequency`, `income_or_liability_account_id`, `tax_group_id`, `emi_rounding_goalseek`, `is_glim_charge`, `glim_charge_calculation_enum`, `is_capitalized`, `charge_percentage_type`, `charge_percentage_period_type`) VALUES (5, 'DisbursementFees-%ApprovedAmount', 'USD', 1, 1, 2, 1, 1.000000, NULL, NULL, NULL, 0, 1, 0, NULL, NULL, NULL, NULL, NULL, 0, 0, NULL, 0, 1, 1);
INSERT INTO `m_charge` (`id`, `name`, `currency_code`, `charge_applies_to_enum`, `charge_time_enum`, `charge_calculation_enum`, `charge_payment_mode_enum`, `amount`, `fee_on_day`, `fee_interval`, `fee_on_month`, `is_penalty`, `is_active`, `is_deleted`, `min_cap`, `max_cap`, `fee_frequency`, `income_or_liability_account_id`, `tax_group_id`, `emi_rounding_goalseek`, `is_glim_charge`, `glim_charge_calculation_enum`, `is_capitalized`, `charge_percentage_type`, `charge_percentage_period_type`) VALUES (6, 'DisbursementFees-Flat', 'USD', 1, 1, 1, 1, 100.000000, NULL, NULL, NULL, 0, 1, 0, NULL, NULL, NULL, NULL, NULL, 0, 0, NULL, 0, 1, 1);

INSERT INTO `m_payment_type` (`id`, `value`, `description`, `is_cash_payment`, `order_position`) VALUES (2, 'Wire transfer', '1', 0, 1);
INSERT INTO `m_payment_type` (`id`, `value`, `description`, `is_cash_payment`, `order_position`) VALUES (3, 'Cheque', '2', 0, 2);

INSERT INTO `m_code_value` (`code_id`, `code_value`, `code_description`, `order_position`, `code_score`, `is_active`) VALUES (17, 'General', '1', 1, NULL, 1);
INSERT INTO `m_code_value` (`code_id`, `code_value`, `code_description`, `order_position`, `code_score`, `is_active`) VALUES (17, 'Special', '2', 2, NULL, 1);
INSERT INTO `m_code_value` (`code_id`, `code_value`, `code_description`, `order_position`, `code_score`, `is_active`) VALUES (16, 'Married', '3', 3, NULL, 1);
INSERT INTO `m_code_value` (`code_id`, `code_value`, `code_description`, `order_position`, `code_score`, `is_active`) VALUES (16, 'Un Married', '4', 4, NULL, 1);
INSERT INTO `m_code_value` (`code_id`, `code_value`, `code_description`, `order_position`, `code_score`, `is_active`) VALUES (14, 'Out of MFI', '7', 7, NULL, 1);
INSERT INTO `m_code_value` (`code_id`, `code_value`, `code_description`, `order_position`, `code_score`, `is_active`) VALUES (14, 'Inactive', '8', 8, NULL, 1);
INSERT INTO `m_code_value` (`code_id`, `code_value`, `code_description`, `order_position`, `code_score`, `is_active`) VALUES (19, 'Invalid applicant', '9', 9, NULL, 1);
INSERT INTO `m_code_value` (`code_id`, `code_value`, `code_description`, `order_position`, `code_score`, `is_active`) VALUES (19, 'Out of Branch', '10', 10, NULL, 1);
INSERT INTO `m_code_value` (`code_id`, `code_value`, `code_description`, `order_position`, `code_score`, `is_active`) VALUES (20, 'Non Performing MFI', '11', 11, NULL, 1);
INSERT INTO `m_code_value` (`code_id`, `code_value`, `code_description`, `order_position`, `code_score`, `is_active`) VALUES (20, 'Not interested to Join', '12', 12, NULL, 1);
INSERT INTO `m_code_value` (`code_id`, `code_value`, `code_description`, `order_position`, `code_score`, `is_active`) VALUES (22, 'Inactive Center', '1', 1, NULL, 1);
INSERT INTO `m_code_value` (`code_id`, `code_value`, `code_description`, `order_position`, `code_score`, `is_active`) VALUES (22, 'Moved Center', '2', 2, NULL, 1);
INSERT INTO `m_code_value` (`code_id`, `code_value`, `code_description`, `order_position`, `code_score`, `is_active`) VALUES (24, 'Bangalore', '1', 1, NULL, 1);
INSERT INTO `m_code_value` (`code_id`, `code_value`, `code_description`, `order_position`, `code_score`, `is_active`) VALUES (24, 'Mysore', '1', 1, NULL, 1);
INSERT INTO `m_code_value` (`code_id`, `code_value`, `code_description`, `order_position`, `code_score`, `is_active`) VALUES (15, 'No Clients under this Group', '1', 1, NULL, 1);
INSERT INTO `m_code_value` (`code_id`, `code_value`, `code_description`, `order_position`, `code_score`, `is_active`) VALUES (15, 'Group desolved', '2', 2, NULL, 1);
INSERT INTO `m_code_value` (`code_id`, `code_value`, `code_description`, `order_position`, `code_score`, `is_active`) VALUES (25, 'IT Industry', '1', 1, NULL, 1);
INSERT INTO `m_code_value` (`code_id`, `code_value`, `code_description`, `order_position`, `code_score`, `is_active`) VALUES (25, 'Non IT', '2', 2, NULL, 1);
INSERT INTO `m_code_value` (`code_id`, `code_value`, `code_description`, `order_position`, `code_score`, `is_active`) VALUES (5, 'Yes', '1', 1, NULL, 1);
INSERT INTO `m_code_value` (`code_id`, `code_value`, `code_description`, `order_position`, `code_score`, `is_active`) VALUES (5, 'No', '1', 1, NULL, 1);
INSERT INTO `m_staff` (`id`, `is_loan_officer`, `office_id`, `firstname`, `lastname`, `display_name`, `mobile_no`, `external_id`, `organisational_role_enum`, `organisational_role_parent_staff_id`, `is_active`, `joining_date`, `image_id`) VALUES (35, 1, 1, 'Wilson', 'Nail', 'Nail, Wilson', NULL, NULL, NULL, NULL, 1, NULL, NULL);
INSERT INTO `m_office` (`id`, `parent_id`, `hierarchy`, `external_id`, `name`, `opening_date`) VALUES (2, 1, '.2.', NULL, 'Branch Office', '2014-04-01');
INSERT INTO `m_staff` (`id`, `is_loan_officer`, `office_id`, `firstname`, `lastname`, `display_name`, `mobile_no`, `external_id`, `organisational_role_enum`, `organisational_role_parent_staff_id`, `is_active`, `joining_date`, `image_id`) VALUES (36, 1, 2, 'Joseph', 'D', 'D, Joseph', NULL, NULL, NULL, NULL, 1, '2015-01-01', NULL);
INSERT INTO `m_staff` (`id`, `is_loan_officer`, `office_id`, `firstname`, `lastname`, `display_name`, `mobile_no`, `external_id`, `organisational_role_enum`, `organisational_role_parent_staff_id`, `is_active`, `joining_date`, `image_id`) VALUES (37, 1, 1, 'Staff', '1', '1, Staff', NULL, NULL, NULL, NULL, 1, '2015-01-01', NULL);
INSERT INTO `m_staff` (`id`, `is_loan_officer`, `office_id`, `firstname`, `lastname`, `display_name`, `mobile_no`, `external_id`, `organisational_role_enum`, `organisational_role_parent_staff_id`, `is_active`, `joining_date`, `image_id`) VALUES (38, 1, 1, 'Staff', '4524', '4524, Staff', NULL, NULL, NULL, NULL, 1, '2015-01-01', NULL);
INSERT INTO `m_staff` (`id`, `is_loan_officer`, `office_id`, `firstname`, `lastname`, `display_name`, `mobile_no`, `external_id`, `organisational_role_enum`, `organisational_role_parent_staff_id`, `is_active`, `joining_date`, `image_id`) VALUES (39, 1, 1, 'Staff', '4526', '4526, Staff', NULL, NULL, NULL, NULL, 1, '2015-01-01', NULL);
INSERT INTO `m_staff` (`id`, `is_loan_officer`, `office_id`, `firstname`, `lastname`, `display_name`, `mobile_no`, `external_id`, `organisational_role_enum`, `organisational_role_parent_staff_id`, `is_active`, `joining_date`, `image_id`) VALUES (40, 1, 1, 'Staff', '4526a', '4526a, Staff', NULL, NULL, NULL, NULL, 1, '2015-01-01', NULL);
INSERT INTO `m_staff` (`id`, `is_loan_officer`, `office_id`, `firstname`, `lastname`, `display_name`, `mobile_no`, `external_id`, `organisational_role_enum`, `organisational_role_parent_staff_id`, `is_active`, `joining_date`, `image_id`) VALUES (41, 1, 1, 'Staff', '4527', '4527, Staff', NULL, NULL, NULL, NULL, 1, '2015-01-01', NULL);
INSERT INTO `m_staff` (`id`, `is_loan_officer`, `office_id`, `firstname`, `lastname`, `display_name`, `mobile_no`, `external_id`, `organisational_role_enum`, `organisational_role_parent_staff_id`, `is_active`, `joining_date`, `image_id`) VALUES (42, 1, 1, 'Staff', '4528', '4528, Staff', NULL, NULL, NULL, NULL, 1, '2015-01-01', NULL);
INSERT INTO `m_staff` (`id`, `is_loan_officer`, `office_id`, `firstname`, `lastname`, `display_name`, `mobile_no`, `external_id`, `organisational_role_enum`, `organisational_role_parent_staff_id`, `is_active`, `joining_date`, `image_id`) VALUES (43, 1, 1, 'Staff', '4529', '4529, Staff', NULL, NULL, NULL, NULL, 1, '2015-01-01', NULL);
INSERT INTO `m_staff` (`id`, `is_loan_officer`, `office_id`, `firstname`, `lastname`, `display_name`, `mobile_no`, `external_id`, `organisational_role_enum`, `organisational_role_parent_staff_id`, `is_active`, `joining_date`, `image_id`) VALUES (44, 1, 1, 'Staff', '4530', '4530, Staff', NULL, NULL, NULL, NULL, 1, '2015-01-01', NULL);
INSERT INTO `m_staff` (`id`, `is_loan_officer`, `office_id`, `firstname`, `lastname`, `display_name`, `mobile_no`, `external_id`, `organisational_role_enum`, `organisational_role_parent_staff_id`, `is_active`, `joining_date`, `image_id`) VALUES (45, 1, 1, 'Staff', '4531', '4531, Staff', NULL, NULL, NULL, NULL, 1, '2015-01-01', NULL);
INSERT INTO `m_staff` (`id`, `is_loan_officer`, `office_id`, `firstname`, `lastname`, `display_name`, `mobile_no`, `external_id`, `organisational_role_enum`, `organisational_role_parent_staff_id`, `is_active`, `joining_date`, `image_id`) VALUES (46, 1, 1, 'Staff', '4532', '4532, Staff', NULL, NULL, NULL, NULL, 1, '2015-01-01', NULL);
INSERT INTO `m_staff` (`id`, `is_loan_officer`, `office_id`, `firstname`, `lastname`, `display_name`, `mobile_no`, `external_id`, `organisational_role_enum`, `organisational_role_parent_staff_id`, `is_active`, `joining_date`, `image_id`) VALUES (47, 1, 1, 'Staff', '4534', '4534, Staff', NULL, NULL, NULL, NULL, 1, '2015-01-01', NULL);
INSERT INTO `m_staff` (`id`, `is_loan_officer`, `office_id`, `firstname`, `lastname`, `display_name`, `mobile_no`, `external_id`, `organisational_role_enum`, `organisational_role_parent_staff_id`, `is_active`, `joining_date`, `image_id`) VALUES (48, 1, 1, 'Staff', '4536', '4536, Staff', NULL, NULL, NULL, NULL, 1, '2015-01-01', NULL);
INSERT INTO `m_staff` (`id`, `is_loan_officer`, `office_id`, `firstname`, `lastname`, `display_name`, `mobile_no`, `external_id`, `organisational_role_enum`, `organisational_role_parent_staff_id`, `is_active`, `joining_date`, `image_id`) VALUES (49, 1, 1, 'Staff', '4537', '4537, Staff', NULL, NULL, NULL, NULL, 1, '2015-01-01', NULL);
INSERT INTO `m_staff` (`id`, `is_loan_officer`, `office_id`, `firstname`, `lastname`, `display_name`, `mobile_no`, `external_id`, `organisational_role_enum`, `organisational_role_parent_staff_id`, `is_active`, `joining_date`, `image_id`) VALUES (50, 1, 1, 'Staff', '4538', '4538, Staff', NULL, NULL, NULL, NULL, 1, '2015-01-01', NULL);
INSERT INTO `m_staff` (`id`, `is_loan_officer`, `office_id`, `firstname`, `lastname`, `display_name`, `mobile_no`, `external_id`, `organisational_role_enum`, `organisational_role_parent_staff_id`, `is_active`, `joining_date`, `image_id`) VALUES (51, 1, 1, 'Staff', '4539', '4539, Staff', NULL, NULL, NULL, NULL, 1, '2015-01-01', NULL);
INSERT INTO `m_staff` (`id`, `is_loan_officer`, `office_id`, `firstname`, `lastname`, `display_name`, `mobile_no`, `external_id`, `organisational_role_enum`, `organisational_role_parent_staff_id`, `is_active`, `joining_date`, `image_id`) VALUES (52, 1, 1, 'Staff', '4540', '4540, Staff', NULL, NULL, NULL, NULL, 1, '2015-01-01', NULL);
INSERT INTO `m_staff` (`id`, `is_loan_officer`, `office_id`, `firstname`, `lastname`, `display_name`, `mobile_no`, `external_id`, `organisational_role_enum`, `organisational_role_parent_staff_id`, `is_active`, `joining_date`, `image_id`) VALUES (53, 1, 1, 'Staff', '4541', '4541, Staff', NULL, NULL, NULL, NULL, 1, '2015-01-01', NULL);
INSERT INTO `m_staff` (`id`, `is_loan_officer`, `office_id`, `firstname`, `lastname`, `display_name`, `mobile_no`, `external_id`, `organisational_role_enum`, `organisational_role_parent_staff_id`, `is_active`, `joining_date`, `image_id`) VALUES (54, 1, 1, 'Staff', '4542', '4542, Staff', NULL, NULL, NULL, NULL, 1, '2015-01-01', NULL);
INSERT INTO `m_staff` (`id`, `is_loan_officer`, `office_id`, `firstname`, `lastname`, `display_name`, `mobile_no`, `external_id`, `organisational_role_enum`, `organisational_role_parent_staff_id`, `is_active`, `joining_date`, `image_id`) VALUES (55, 1, 1, 'Staff', '4543', '4543, Staff', NULL, NULL, NULL, NULL, 1, '2015-01-01', NULL);
INSERT INTO `m_staff` (`id`, `is_loan_officer`, `office_id`, `firstname`, `lastname`, `display_name`, `mobile_no`, `external_id`, `organisational_role_enum`, `organisational_role_parent_staff_id`, `is_active`, `joining_date`, `image_id`) VALUES (56, 1, 1, 'Staff', '4544', '4544, Staff', NULL, NULL, NULL, NULL, 1, '2015-01-01', NULL);
INSERT INTO `m_staff` (`id`, `is_loan_officer`, `office_id`, `firstname`, `lastname`, `display_name`, `mobile_no`, `external_id`, `organisational_role_enum`, `organisational_role_parent_staff_id`, `is_active`, `joining_date`, `image_id`) VALUES (57, 1, 1, 'Staff', '4549', '4549, Staff', NULL, NULL, NULL, NULL, 1, '2015-01-01', NULL);
INSERT INTO `m_staff` (`id`, `is_loan_officer`, `office_id`, `firstname`, `lastname`, `display_name`, `mobile_no`, `external_id`, `organisational_role_enum`, `organisational_role_parent_staff_id`, `is_active`, `joining_date`, `image_id`) VALUES (58, 1, 1, 'Staff', '4551', '4551, Staff', NULL, NULL, NULL, NULL, 1, '2015-01-01', NULL);
INSERT INTO `m_staff` (`id`, `is_loan_officer`, `office_id`, `firstname`, `lastname`, `display_name`, `mobile_no`, `external_id`, `organisational_role_enum`, `organisational_role_parent_staff_id`, `is_active`, `joining_date`, `image_id`) VALUES (59, 1, 1, 'Staff', '4551a', '4551a, Staff', NULL, NULL, NULL, NULL, 1, '2015-01-01', NULL);
INSERT INTO `m_staff` (`id`, `is_loan_officer`, `office_id`, `firstname`, `lastname`, `display_name`, `mobile_no`, `external_id`, `organisational_role_enum`, `organisational_role_parent_staff_id`, `is_active`, `joining_date`, `image_id`) VALUES (60, 1, 1, 'Staff', '4552', '4552, Staff', NULL, NULL, NULL, NULL, 1, '2015-01-01', NULL);
INSERT INTO `m_staff` (`id`, `is_loan_officer`, `office_id`, `firstname`, `lastname`, `display_name`, `mobile_no`, `external_id`, `organisational_role_enum`, `organisational_role_parent_staff_id`, `is_active`, `joining_date`, `image_id`) VALUES (61, 1, 1, 'Staff', '4553', '4553, Staff', NULL, NULL, NULL, NULL, 1, '2015-01-01', NULL);
INSERT INTO `m_staff` (`id`, `is_loan_officer`, `office_id`, `firstname`, `lastname`, `display_name`, `mobile_no`, `external_id`, `organisational_role_enum`, `organisational_role_parent_staff_id`, `is_active`, `joining_date`, `image_id`) VALUES (62, 1, 1, 'Staff', '4554', '4554, Staff', NULL, NULL, NULL, NULL, 1, '2015-01-01', NULL);
INSERT INTO `m_staff` (`id`, `is_loan_officer`, `office_id`, `firstname`, `lastname`, `display_name`, `mobile_no`, `external_id`, `organisational_role_enum`, `organisational_role_parent_staff_id`, `is_active`, `joining_date`, `image_id`) VALUES (63, 1, 1, 'Staff', '4555', '4555, Staff', NULL, NULL, NULL, NULL, 1, '2015-01-01', NULL);
INSERT INTO `m_staff` (`id`, `is_loan_officer`, `office_id`, `firstname`, `lastname`, `display_name`, `mobile_no`, `external_id`, `organisational_role_enum`, `organisational_role_parent_staff_id`, `is_active`, `joining_date`, `image_id`) VALUES (64, 1, 1, 'Staff', '4556', '4556, Staff', NULL, NULL, NULL, NULL, 1, '2015-01-01', NULL);
INSERT INTO `m_staff` (`id`, `is_loan_officer`, `office_id`, `firstname`, `lastname`, `display_name`, `mobile_no`, `external_id`, `organisational_role_enum`, `organisational_role_parent_staff_id`, `is_active`, `joining_date`, `image_id`) VALUES (65, 1, 1, 'Staff', '4557', '4557, Staff', NULL, NULL, NULL, NULL, 1, '2015-01-01', NULL);
INSERT INTO `m_staff` (`id`, `is_loan_officer`, `office_id`, `firstname`, `lastname`, `display_name`, `mobile_no`, `external_id`, `organisational_role_enum`, `organisational_role_parent_staff_id`, `is_active`, `joining_date`, `image_id`) VALUES (66, 1, 1, 'Staff', '4559', '4559, Staff', NULL, NULL, NULL, NULL, 1, '2015-01-01', NULL);
INSERT INTO `m_staff` (`id`, `is_loan_officer`, `office_id`, `firstname`, `lastname`, `display_name`, `mobile_no`, `external_id`, `organisational_role_enum`, `organisational_role_parent_staff_id`, `is_active`, `joining_date`, `image_id`) VALUES (67, 1, 1, 'Staff', '4561', '4561, Staff', NULL, NULL, NULL, NULL, 1, '2015-01-01', NULL);
INSERT INTO `m_staff` (`id`, `is_loan_officer`, `office_id`, `firstname`, `lastname`, `display_name`, `mobile_no`, `external_id`, `organisational_role_enum`, `organisational_role_parent_staff_id`, `is_active`, `joining_date`, `image_id`) VALUES (68, 1, 1, 'Staff', '4562', '4562, Staff', NULL, NULL, NULL, NULL, 1, '2015-01-01', NULL);
INSERT INTO `m_staff` (`id`, `is_loan_officer`, `office_id`, `firstname`, `lastname`, `display_name`, `mobile_no`, `external_id`, `organisational_role_enum`, `organisational_role_parent_staff_id`, `is_active`, `joining_date`, `image_id`) VALUES (69, 1, 1, 'Staff', '4563', '4563, Staff', NULL, NULL, NULL, NULL, 1, '2015-01-01', NULL);
INSERT INTO `m_staff` (`id`, `is_loan_officer`, `office_id`, `firstname`, `lastname`, `display_name`, `mobile_no`, `external_id`, `organisational_role_enum`, `organisational_role_parent_staff_id`, `is_active`, `joining_date`, `image_id`) VALUES (70, 1, 1, 'Staff', '4564', '4564, Staff', NULL, NULL, NULL, NULL, 1, '2015-01-01', NULL);
INSERT INTO `m_staff` (`id`, `is_loan_officer`, `office_id`, `firstname`, `lastname`, `display_name`, `mobile_no`, `external_id`, `organisational_role_enum`, `organisational_role_parent_staff_id`, `is_active`, `joining_date`, `image_id`) VALUES (71, 1, 1, 'Staff', '4565', '4565, Staff', NULL, NULL, NULL, NULL, 1, '2015-01-01', NULL);
INSERT INTO `m_staff` (`id`, `is_loan_officer`, `office_id`, `firstname`, `lastname`, `display_name`, `mobile_no`, `external_id`, `organisational_role_enum`, `organisational_role_parent_staff_id`, `is_active`, `joining_date`, `image_id`) VALUES (72, 1, 1, 'Staff', '4566', '4566, Staff', NULL, NULL, NULL, NULL, 1, '2015-01-01', NULL);
INSERT INTO `m_staff` (`id`, `is_loan_officer`, `office_id`, `firstname`, `lastname`, `display_name`, `mobile_no`, `external_id`, `organisational_role_enum`, `organisational_role_parent_staff_id`, `is_active`, `joining_date`, `image_id`) VALUES (73, 1, 1, 'Staff', '4567', '4567, Staff', NULL, NULL, NULL, NULL, 1, '2015-01-01', NULL);
INSERT INTO `m_staff` (`id`, `is_loan_officer`, `office_id`, `firstname`, `lastname`, `display_name`, `mobile_no`, `external_id`, `organisational_role_enum`, `organisational_role_parent_staff_id`, `is_active`, `joining_date`, `image_id`) VALUES (74, 1, 1, 'Staff', '4568', '4568, Staff', NULL, NULL, NULL, NULL, 1, '2015-01-01', NULL);
INSERT INTO `m_staff` (`id`, `is_loan_officer`, `office_id`, `firstname`, `lastname`, `display_name`, `mobile_no`, `external_id`, `organisational_role_enum`, `organisational_role_parent_staff_id`, `is_active`, `joining_date`, `image_id`) VALUES (75, 1, 1, 'Staff', '4569', '4569, Staff', NULL, NULL, NULL, NULL, 1, '2015-01-01', NULL);
INSERT INTO `m_staff` (`id`, `is_loan_officer`, `office_id`, `firstname`, `lastname`, `display_name`, `mobile_no`, `external_id`, `organisational_role_enum`, `organisational_role_parent_staff_id`, `is_active`, `joining_date`, `image_id`) VALUES (76, 1, 1, 'Staff', '4570', '4570, Staff', NULL, NULL, NULL, NULL, 1, '2015-01-01', NULL);
INSERT INTO `m_staff` (`id`, `is_loan_officer`, `office_id`, `firstname`, `lastname`, `display_name`, `mobile_no`, `external_id`, `organisational_role_enum`, `organisational_role_parent_staff_id`, `is_active`, `joining_date`, `image_id`) VALUES (77, 1, 1, 'Staff', '4571', '4571, Staff', NULL, NULL, NULL, NULL, 1, '2015-01-01', NULL);
INSERT INTO `m_staff` (`id`, `is_loan_officer`, `office_id`, `firstname`, `lastname`, `display_name`, `mobile_no`, `external_id`, `organisational_role_enum`, `organisational_role_parent_staff_id`, `is_active`, `joining_date`, `image_id`) VALUES (78, 1, 1, 'Staff', '4572', '4572, Staff', NULL, NULL, NULL, NULL, 1, '2015-01-01', NULL);
INSERT INTO `m_staff` (`id`, `is_loan_officer`, `office_id`, `firstname`, `lastname`, `display_name`, `mobile_no`, `external_id`, `organisational_role_enum`, `organisational_role_parent_staff_id`, `is_active`, `joining_date`, `image_id`) VALUES (79, 1, 1, 'Staff', '4573', '4573, Staff', NULL, NULL, NULL, NULL, 1, '2015-01-01', NULL);
INSERT INTO `m_staff` (`id`, `is_loan_officer`, `office_id`, `firstname`, `lastname`, `display_name`, `mobile_no`, `external_id`, `organisational_role_enum`, `organisational_role_parent_staff_id`, `is_active`, `joining_date`, `image_id`) VALUES (80, 1, 1, 'Staff', '4574', '4574, Staff', NULL, NULL, NULL, NULL, 1, '2015-01-01', NULL);
INSERT INTO `m_staff` (`id`, `is_loan_officer`, `office_id`, `firstname`, `lastname`, `display_name`, `mobile_no`, `external_id`, `organisational_role_enum`, `organisational_role_parent_staff_id`, `is_active`, `joining_date`, `image_id`) VALUES (81, 1, 1, 'Staff', '4575', '4575, Staff', NULL, NULL, NULL, NULL, 1, '2015-01-01', NULL);
INSERT INTO `m_staff` (`id`, `is_loan_officer`, `office_id`, `firstname`, `lastname`, `display_name`, `mobile_no`, `external_id`, `organisational_role_enum`, `organisational_role_parent_staff_id`, `is_active`, `joining_date`, `image_id`) VALUES (82, 1, 1, 'Staff', '4576', '4576, Staff', NULL, NULL, NULL, NULL, 1, '2015-01-01', NULL);
INSERT INTO `m_staff` (`id`, `is_loan_officer`, `office_id`, `firstname`, `lastname`, `display_name`, `mobile_no`, `external_id`, `organisational_role_enum`, `organisational_role_parent_staff_id`, `is_active`, `joining_date`, `image_id`) VALUES (83, 1, 1, 'Staff', '4577', '4577, Staff', NULL, NULL, NULL, NULL, 1, '2015-01-01', NULL);
INSERT INTO `m_staff` (`id`, `is_loan_officer`, `office_id`, `firstname`, `lastname`, `display_name`, `mobile_no`, `external_id`, `organisational_role_enum`, `organisational_role_parent_staff_id`, `is_active`, `joining_date`, `image_id`) VALUES (84, 1, 1, 'Staff', '4578', '4578, Staff', NULL, NULL, NULL, NULL, 1, '2015-01-01', NULL);
INSERT INTO `m_staff` (`id`, `is_loan_officer`, `office_id`, `firstname`, `lastname`, `display_name`, `mobile_no`, `external_id`, `organisational_role_enum`, `organisational_role_parent_staff_id`, `is_active`, `joining_date`, `image_id`) VALUES (85, 1, 1, 'Staff', '4579', '4579, Staff', NULL, NULL, NULL, NULL, 1, '2015-01-01', NULL);
INSERT INTO `m_staff` (`id`, `is_loan_officer`, `office_id`, `firstname`, `lastname`, `display_name`, `mobile_no`, `external_id`, `organisational_role_enum`, `organisational_role_parent_staff_id`, `is_active`, `joining_date`, `image_id`) VALUES (86, 1, 1, 'collectionSheet', '4480', '4480, collectionSheet', NULL, NULL, NULL, NULL, 1, '2015-01-01', NULL);
INSERT INTO `m_staff` (`id`, `is_loan_officer`, `office_id`, `firstname`, `lastname`, `display_name`, `mobile_no`, `external_id`, `organisational_role_enum`, `organisational_role_parent_staff_id`, `is_active`, `joining_date`, `image_id`) VALUES (87, 1, 1, 'collectionSheet', '4481', '4481, collectionSheet', NULL, NULL, NULL, NULL, 1, '2015-01-01', NULL);
INSERT INTO `m_staff` (`id`, `is_loan_officer`, `office_id`, `firstname`, `lastname`, `display_name`, `mobile_no`, `external_id`, `organisational_role_enum`, `organisational_role_parent_staff_id`, `is_active`, `joining_date`, `image_id`) VALUES (88, 1, 1, 'collectionSheet', '4482', '4482, collectionSheet', NULL, NULL, NULL, NULL, 1, '2015-01-01', NULL);

INSERT INTO `m_product_loan` (`id`, `short_name`, `currency_code`, `currency_digits`, `currency_multiplesof`, `principal_amount`, `min_principal_amount`, `max_principal_amount`, `arrearstolerance_amount`, `name`, `description`, `fund_id`, `is_linked_to_floating_interest_rates`, `allow_variabe_installments`, `nominal_interest_rate_per_period`, `min_nominal_interest_rate_per_period`, `max_nominal_interest_rate_per_period`, `interest_period_frequency_enum`, `annual_nominal_interest_rate`, `interest_method_enum`, `interest_calculated_in_period_enum`, `allow_partial_period_interest_calcualtion`, `repay_every`, `repayment_period_frequency_enum`, `number_of_repayments`, `min_number_of_repayments`, `max_number_of_repayments`, `grace_on_principal_periods`, `recurring_moratorium_principal_periods`, `grace_on_interest_periods`, `grace_interest_free_periods`, `amortization_method_enum`, `accounting_type`, `loan_transaction_strategy_id`, `external_id`, `include_in_borrower_cycle`, `use_borrower_cycle`, `start_date`, `close_date`, `allow_multiple_disbursals`, `max_disbursals`, `max_outstanding_loan_balance`, `grace_on_arrears_ageing`, `overdue_days_for_npa`, `days_in_month_enum`, `days_in_year_enum`, `interest_recalculation_enabled`, `min_days_between_disbursal_and_first_repayment`, `min_periods_between_disbursal_and_first_repayment`, `min_duration_applicable_for_all_disbursements`, `hold_guarantee_funds`, `principal_threshold_for_last_installment`, `account_moves_out_of_npa_only_on_arrears_completion`, `can_define_fixed_emi_amount`, `instalment_amount_in_multiples_of`, `sync_expected_with_disbursement_date`, `close_loan_on_overpayment`, `can_use_for_topup`, `adjust_first_emi_amount`, `adjusted_instalment_in_multiples_of`, `min_loan_term`, `max_loan_term`, `loan_tenure_frequency_type`, `weeks_in_year_enum`, `adjust_interest_for_rounding`, `emi_based_on_disbursements`, `pmt_calculated_in_period_enum`, `broken_period_method_enum`, `is_flat_interest_rate`, `allow_negative_loan_balances`, `consider_future_disbursements_in_schedule`, `consider_all_disbursements_in_schedule`, `allow_upfront_collection`, `percentage_of_disbursement_to_be_transferred`, `applicable_for_loan_type`, `interest_rates_list_per_period`, `stop_loan_processing_on_npa`) VALUES (1, 'cari', 'USD', 0, 0, 10000.000000, NULL, NULL, NULL, 'caritas loan product', 'caritas loan product', NULL, b'0', b'0', 1.000000, NULL, NULL, 2, 12.000000, 0, 1, 1, 1, 2, 12, NULL, NULL, NULL, NULL, NULL, NULL, 0, 2, 9, NULL, 0, 0, NULL, NULL, 0, NULL, NULL, NULL, 200, 1, 1, 1, NULL, NULL, 0, 1, 0.00, 0, 0, 1.000000, 0, 0, 0, 0, NULL, NULL, NULL, 4, 1, 0, 0, NULL, NULL, 0, 0, 0, 0, 0, NULL, 1, NULL, 0);
INSERT INTO `m_product_loan_charge` (`id`, `product_loan_id`, `charge_id`, `is_mandatory`, `is_amount_non_editable`) VALUES (3, 1, 6, 1, 0);
INSERT INTO `m_product_loan_charge` (`id`, `product_loan_id`, `charge_id`, `is_mandatory`, `is_amount_non_editable`) VALUES (4, 1, 5, 1, 0);
INSERT INTO `m_product_loan_configurable_attributes` (`id`, `loan_product_id`, `amortization_method_enum`, `interest_method_enum`, `loan_transaction_strategy_id`, `interest_calculated_in_period_enum`, `arrearstolerance_amount`, `repay_every`, `moratorium`, `grace_on_arrears_ageing`) VALUES (1, 1, 1, 1, 1, 1, 1, 1, 1, 1);
INSERT INTO `m_product_loan_guarantee_details` (`id`, `loan_product_id`, `mandatory_guarantee`, `minimum_guarantee_from_own_funds`, `minimum_guarantee_from_guarantor_funds`) VALUES (1, 1, 100.00000, 10.00000, 0.00000);
INSERT INTO `m_product_loan_recalculation_details` (`id`, `product_id`, `compound_type_enum`, `reschedule_strategy_enum`, `rest_frequency_type_enum`, `rest_frequency_interval`, `arrears_based_on_original_schedule`, `pre_close_interest_calculation_strategy`, `compounding_frequency_type_enum`, `compounding_frequency_interval`, `rest_frequency_nth_day_enum`, `rest_frequency_on_day`, `rest_frequency_weekday_enum`, `compounding_frequency_nth_day_enum`, `compounding_frequency_on_day`, `compounding_frequency_weekday_enum`, `is_compounding_to_be_posted_as_transaction`, `allow_compounding_on_eod`, `is_subsidy_applicable`) VALUES (1, 1, 0, 2, 1, 0, 0, 2, NULL, NULL, NULL, NULL, NULL, NULL, NULL, NULL, 0, 0, 0);

INSERT INTO `m_savings_product` (`id`, `name`, `short_name`, `description`, `deposit_type_enum`, `currency_code`, `currency_digits`, `currency_multiplesof`, `nominal_annual_interest_rate`, `interest_compounding_period_enum`, `interest_posting_period_enum`, `interest_calculation_type_enum`, `interest_calculation_days_in_year_type_enum`, `min_required_opening_balance`, `lockin_period_frequency`, `lockin_period_frequency_enum`, `accounting_type`, `withdrawal_fee_amount`, `withdrawal_fee_type_enum`, `withdrawal_fee_for_transfer`, `allow_overdraft`, `overdraft_limit`, `nominal_annual_interest_rate_overdraft`, `min_overdraft_for_interest_calculation`, `min_required_balance`, `enforce_min_required_balance`, `min_balance_for_interest_calculation`, `release_guarantor`, `withhold_tax`, `tax_group_id`, `is_dormancy_tracking_active`, `days_to_inactive`, `days_to_dormancy`, `days_to_escheat`, `external_id`, `is_interest_calculation_from_product_chart`) VALUES (1, 'CHARGES AND PENALTIES Savings Product', 'cp47', 'CHARGES AND PENALTIES Savings Product', 100, 'USD', 1, 0, 0.000000, 1, 4, 1, 365, NULL, NULL, NULL, 2, NULL, NULL, 0, 0, NULL, NULL, NULL, NULL, 0, NULL, 0, 0, NULL, 0, NULL, NULL, NULL, '', 0);
INSERT INTO `m_savings_product` (`id`, `name`, `short_name`, `description`, `deposit_type_enum`, `currency_code`, `currency_digits`, `currency_multiplesof`, `nominal_annual_interest_rate`, `interest_compounding_period_enum`, `interest_posting_period_enum`, `interest_calculation_type_enum`, `interest_calculation_days_in_year_type_enum`, `min_required_opening_balance`, `lockin_period_frequency`, `lockin_period_frequency_enum`, `accounting_type`, `withdrawal_fee_amount`, `withdrawal_fee_type_enum`, `withdrawal_fee_for_transfer`, `allow_overdraft`, `overdraft_limit`, `nominal_annual_interest_rate_overdraft`, `min_overdraft_for_interest_calculation`, `min_required_balance`, `enforce_min_required_balance`, `min_balance_for_interest_calculation`, `release_guarantor`, `withhold_tax`, `tax_group_id`, `is_dormancy_tracking_active`, `days_to_inactive`, `days_to_dormancy`, `days_to_escheat`, `external_id`, `is_interest_calculation_from_product_chart`) VALUES (2, 'Shares Savings Product', 'Shar', 'Shares Savings Product', 100, 'USD', 0, 0, 0.000000, 1, 4, 1, 365, NULL, NULL, NULL, 2, NULL, NULL, 0, 0, 0.000000, 0.000000, 0.000000, 0.000000, 0, NULL, 1, 0, NULL, 0, NULL, NULL, NULL, '', 0);
INSERT INTO `m_savings_product_charge` (`savings_product_id`, `charge_id`) VALUES (1, 1);
INSERT INTO `m_savings_product_charge` (`savings_product_id`, `charge_id`) VALUES (1, 2);

INSERT INTO `acc_product_mapping` (`id`, `gl_account_id`, `product_id`, `product_type`, `payment_type`, `charge_id`, `financial_account_type`, `code_value_cv_id`) VALUES (1, 1, 1, 1, NULL, NULL, 1, NULL);
INSERT INTO `acc_product_mapping` (`id`, `gl_account_id`, `product_id`, `product_type`, `payment_type`, `charge_id`, `financial_account_type`, `code_value_cv_id`) VALUES (2, 2, 1, 1, NULL, NULL, 2, NULL);
INSERT INTO `acc_product_mapping` (`id`, `gl_account_id`, `product_id`, `product_type`, `payment_type`, `charge_id`, `financial_account_type`, `code_value_cv_id`) VALUES (3, 6, 1, 1, NULL, NULL, 10, NULL);
INSERT INTO `acc_product_mapping` (`id`, `gl_account_id`, `product_id`, `product_type`, `payment_type`, `charge_id`, `financial_account_type`, `code_value_cv_id`) VALUES (4, 7, 1, 1, NULL, NULL, 3, NULL);
INSERT INTO `acc_product_mapping` (`id`, `gl_account_id`, `product_id`, `product_type`, `payment_type`, `charge_id`, `financial_account_type`, `code_value_cv_id`) VALUES (5, 8, 1, 1, NULL, NULL, 4, NULL);
INSERT INTO `acc_product_mapping` (`id`, `gl_account_id`, `product_id`, `product_type`, `payment_type`, `charge_id`, `financial_account_type`, `code_value_cv_id`) VALUES (6, 10, 1, 1, NULL, NULL, 5, NULL);
INSERT INTO `acc_product_mapping` (`id`, `gl_account_id`, `product_id`, `product_type`, `payment_type`, `charge_id`, `financial_account_type`, `code_value_cv_id`) VALUES (7, 11, 1, 1, NULL, NULL, 12, NULL);
INSERT INTO `acc_product_mapping` (`id`, `gl_account_id`, `product_id`, `product_type`, `payment_type`, `charge_id`, `financial_account_type`, `code_value_cv_id`) VALUES (8, 12, 1, 1, NULL, NULL, 6, NULL);
INSERT INTO `acc_product_mapping` (`id`, `gl_account_id`, `product_id`, `product_type`, `payment_type`, `charge_id`, `financial_account_type`, `code_value_cv_id`) VALUES (9, 13, 1, 1, NULL, NULL, 11, NULL);
INSERT INTO `acc_product_mapping` (`id`, `gl_account_id`, `product_id`, `product_type`, `payment_type`, `charge_id`, `financial_account_type`, `code_value_cv_id`) VALUES (10, 7, 1, 1, NULL, 5, 4, NULL);
INSERT INTO `acc_product_mapping` (`id`, `gl_account_id`, `product_id`, `product_type`, `payment_type`, `charge_id`, `financial_account_type`, `code_value_cv_id`) VALUES (11, 7, 1, 1, NULL, 6, 4, NULL);
INSERT INTO `acc_product_mapping` (`id`, `gl_account_id`, `product_id`, `product_type`, `payment_type`, `charge_id`, `financial_account_type`, `code_value_cv_id`) VALUES (12, 29, 1, 1, 1, NULL, 1, NULL);
INSERT INTO `acc_product_mapping` (`id`, `gl_account_id`, `product_id`, `product_type`, `payment_type`, `charge_id`, `financial_account_type`, `code_value_cv_id`) VALUES (13, 29, 1, 1, 2, NULL, 1, NULL);
INSERT INTO `acc_product_mapping` (`id`, `gl_account_id`, `product_id`, `product_type`, `payment_type`, `charge_id`, `financial_account_type`, `code_value_cv_id`) VALUES (14, 30, 1, 1, 3, NULL, 1, NULL);
INSERT INTO `acc_product_mapping` (`id`, `gl_account_id`, `product_id`, `product_type`, `payment_type`, `charge_id`, `financial_account_type`, `code_value_cv_id`) VALUES (15, 1, 1, 2, NULL, NULL, 1, NULL);
INSERT INTO `acc_product_mapping` (`id`, `gl_account_id`, `product_id`, `product_type`, `payment_type`, `charge_id`, `financial_account_type`, `code_value_cv_id`) VALUES (16, 21, 1, 2, NULL, NULL, 11, NULL);
INSERT INTO `acc_product_mapping` (`id`, `gl_account_id`, `product_id`, `product_type`, `payment_type`, `charge_id`, `financial_account_type`, `code_value_cv_id`) VALUES (17, 26, 1, 2, NULL, NULL, 4, NULL);
INSERT INTO `acc_product_mapping` (`id`, `gl_account_id`, `product_id`, `product_type`, `payment_type`, `charge_id`, `financial_account_type`, `code_value_cv_id`) VALUES (18, 27, 1, 2, NULL, NULL, 5, NULL);
INSERT INTO `acc_product_mapping` (`id`, `gl_account_id`, `product_id`, `product_type`, `payment_type`, `charge_id`, `financial_account_type`, `code_value_cv_id`) VALUES (19, 28, 1, 2, NULL, NULL, 12, NULL);
INSERT INTO `acc_product_mapping` (`id`, `gl_account_id`, `product_id`, `product_type`, `payment_type`, `charge_id`, `financial_account_type`, `code_value_cv_id`) VALUES (20, 24, 1, 2, NULL, NULL, 3, NULL);
INSERT INTO `acc_product_mapping` (`id`, `gl_account_id`, `product_id`, `product_type`, `payment_type`, `charge_id`, `financial_account_type`, `code_value_cv_id`) VALUES (21, 25, 1, 2, NULL, NULL, 13, NULL);
INSERT INTO `acc_product_mapping` (`id`, `gl_account_id`, `product_id`, `product_type`, `payment_type`, `charge_id`, `financial_account_type`, `code_value_cv_id`) VALUES (22, 22, 1, 2, NULL, NULL, 2, NULL);
INSERT INTO `acc_product_mapping` (`id`, `gl_account_id`, `product_id`, `product_type`, `payment_type`, `charge_id`, `financial_account_type`, `code_value_cv_id`) VALUES (23, 23, 1, 2, NULL, NULL, 10, NULL);
INSERT INTO `acc_product_mapping` (`id`, `gl_account_id`, `product_id`, `product_type`, `payment_type`, `charge_id`, `financial_account_type`, `code_value_cv_id`) VALUES (24, 29, 1, 2, 2, NULL, 1, NULL);
INSERT INTO `acc_product_mapping` (`id`, `gl_account_id`, `product_id`, `product_type`, `payment_type`, `charge_id`, `financial_account_type`, `code_value_cv_id`) VALUES (25, 30, 1, 2, 3, NULL, 1, NULL);
INSERT INTO `acc_product_mapping` (`id`, `gl_account_id`, `product_id`, `product_type`, `payment_type`, `charge_id`, `financial_account_type`, `code_value_cv_id`) VALUES (26, 21, 1, 2, 1, NULL, 1, NULL);
INSERT INTO `acc_product_mapping` (`id`, `gl_account_id`, `product_id`, `product_type`, `payment_type`, `charge_id`, `financial_account_type`, `code_value_cv_id`) VALUES (27, 32, 1, 2, NULL, 2, 5, NULL);
INSERT INTO `acc_product_mapping` (`id`, `gl_account_id`, `product_id`, `product_type`, `payment_type`, `charge_id`, `financial_account_type`, `code_value_cv_id`) VALUES (28, 31, 1, 2, NULL, 1, 4, NULL);
INSERT INTO `acc_product_mapping` (`id`, `gl_account_id`, `product_id`, `product_type`, `payment_type`, `charge_id`, `financial_account_type`, `code_value_cv_id`) VALUES (29, 20, 2, 2, NULL, NULL, 1, NULL);
INSERT INTO `acc_product_mapping` (`id`, `gl_account_id`, `product_id`, `product_type`, `payment_type`, `charge_id`, `financial_account_type`, `code_value_cv_id`) VALUES (30, 21, 2, 2, NULL, NULL, 11, NULL);
INSERT INTO `acc_product_mapping` (`id`, `gl_account_id`, `product_id`, `product_type`, `payment_type`, `charge_id`, `financial_account_type`, `code_value_cv_id`) VALUES (31, 26, 2, 2, NULL, NULL, 4, NULL);
INSERT INTO `acc_product_mapping` (`id`, `gl_account_id`, `product_id`, `product_type`, `payment_type`, `charge_id`, `financial_account_type`, `code_value_cv_id`) VALUES (32, 27, 2, 2, NULL, NULL, 5, NULL);
INSERT INTO `acc_product_mapping` (`id`, `gl_account_id`, `product_id`, `product_type`, `payment_type`, `charge_id`, `financial_account_type`, `code_value_cv_id`) VALUES (33, 28, 2, 2, NULL, NULL, 12, NULL);
INSERT INTO `acc_product_mapping` (`id`, `gl_account_id`, `product_id`, `product_type`, `payment_type`, `charge_id`, `financial_account_type`, `code_value_cv_id`) VALUES (34, 24, 2, 2, NULL, NULL, 3, NULL);
INSERT INTO `acc_product_mapping` (`id`, `gl_account_id`, `product_id`, `product_type`, `payment_type`, `charge_id`, `financial_account_type`, `code_value_cv_id`) VALUES (35, 25, 2, 2, NULL, NULL, 13, NULL);
INSERT INTO `acc_product_mapping` (`id`, `gl_account_id`, `product_id`, `product_type`, `payment_type`, `charge_id`, `financial_account_type`, `code_value_cv_id`) VALUES (36, 22, 2, 2, NULL, NULL, 2, NULL);
INSERT INTO `acc_product_mapping` (`id`, `gl_account_id`, `product_id`, `product_type`, `payment_type`, `charge_id`, `financial_account_type`, `code_value_cv_id`) VALUES (37, 23, 2, 2, NULL, NULL, 10, NULL);


INSERT INTO `sms_campaign` (`id`, `campaign_name`, `campaign_type`, `campaign_trigger_type`, `report_id`, `provider_id`, `param_value`, `status_enum`, `message`, `closedon_date`, `closedon_userid`, `submittedon_date`, `submittedon_userid`, `approvedon_date`, `approvedon_userid`, `recurrence`, `next_trigger_date`, `last_trigger_date`, `recurrence_start_date`, `is_visible`) VALUES (14, 'create new client', 1, 3, 238, 2, '{"reportName":"Client Created"}', 300, 'Dear {{name}}, welcome to {{branch}}, your member no is {{externalid}}.', NULL, NULL, '2017-11-27', 1, '2017-11-27', 1, NULL, NULL, NULL, '2017-11-27 14:30:27', 1);
INSERT INTO `sms_campaign` (`id`, `campaign_name`, `campaign_type`, `campaign_trigger_type`, `report_id`, `provider_id`, `param_value`, `status_enum`, `message`, `closedon_date`, `closedon_userid`, `submittedon_date`, `submittedon_userid`, `approvedon_date`, `approvedon_userid`, `recurrence`, `next_trigger_date`, `last_trigger_date`, `recurrence_start_date`, `is_visible`) VALUES (15, 'Loan Disbursed', 1, 3, 240, 2, '{"officeId":"1","loanOfficerId":"-1","loanId":-1,"clientId":-1,"groupId":-1,"loanType":"-1","reportName":"Loan Disbursed"}', 300, 'Dear {{FullName}}, your loan of amount {{loanamount}} has been disbursed to youur account number {{accountnumber}}. Collect your cheque at the group office {{officeName}}. Your loan id is {{loanId}}', NULL, NULL, '2017-11-27', 1, '2017-11-27', 1, NULL, NULL, NULL, '2017-11-27 14:36:00', 1);
INSERT INTO `sms_campaign` (`id`, `campaign_name`, `campaign_type`, `campaign_trigger_type`, `report_id`, `provider_id`, `param_value`, `status_enum`, `message`, `closedon_date`, `closedon_userid`, `submittedon_date`, `submittedon_userid`, `approvedon_date`, `approvedon_userid`, `recurrence`, `next_trigger_date`, `last_trigger_date`, `recurrence_start_date`, `is_visible`) VALUES (16, 'client repayment', 1, 3, 215, 2, '{"officeId":"1","loanOfficerId":"-1","loanType":"-1","reportName":"Loan Repayment"}', 300, 'Dear {{firstname}}, we have received your payment of {{repaymentAmount}}  to your loanID {{loanId}} and loanAccountID {{LoanAccountId}}. Your outstanding balance is {{LoanOutstanding}}.', NULL, NULL, '2017-11-27', 1, '2017-11-27', 1, NULL, NULL, NULL, '2017-11-27 14:52:34', 1);

update c_external_service_properties set VALUE='88a03f89-e5f5-49e0-a78a-c99ec073c9ba' where name='tenant_app_key';
update c_configuration set VALUE='3' where name='Num-Months-WithDeposits-ForGoodStandingSubStatus';
update c_configuration set VALUE='2' where name='Num-Months-WithoutRepayment-ForDefaultSubStatus';
INSERT INTO `acc_gl_financial_activity_account` (`id`, `gl_account_id`, `financial_activity_type`) VALUES (1, 23, 200);

INSERT INTO `officedetails` (`office_id`, `sms_enabled`) VALUES (1, b'1');
INSERT INTO `m_appuser` (`id`, `is_deleted`, `office_id`, `staff_id`, `username`, `firstname`, `lastname`, `password`, `password_new`, `email`, `firsttime_login_remaining`, `nonexpired`, `nonlocked`, `nonexpired_credentials`, `enabled`, `last_time_password_updated`, `password_never_expires`, `is_self_service_user`, `latest_successful_login`, `failed_login_attempt`, `system_user`) VALUES (4, 0, 2, 90, 'Branchmanager', 'Branch', 'Manager', 'c18670c1eb815632976f80cfb3d86950dc540695f3c604ecb1d697a5724a6297', 'd085c7d34206e8012e8cc799706f543b9ff04cd4c56fe52273e592441cfc5682', 'Branchmanager@Branchmanager.com', b'0', b'1', b'1', b'1', b'1', '2015-04-01', 0, b'0', '2015-04-01 12:00:26', 0, 0);
INSERT INTO `m_appuser_role` (`appuser_id`, `role_id`) VALUES (4, 1);

